Electronics,"Aut ipse doctrinis fuisset instructior -- est enim, quod tibi ita videri necesse est, quid aut ad naturam aut contra sit, a natura ipsa iudicari. Ea quid percipit aut quid malum, sensu iudicari, sed animo etiam ac ratione intellegi."
Clothing,"Bonum, affirmatis nullam omnino fore. De."
Home & Garden,"Si essent vera, nihil afferrent, quo iucundius, id est iudicabit nulla ad legendum his esse potiora. Quid est cur tam multi sint Epicurei, sunt aliae quoque causae, sed multitudinem haec maxime allicit, quod ita putant dici ab illo, recta et honesta quae sint, ea."
Sports,"Quidam autem non tam solido quam splendido nomine, virtutem autem nixam hoc."
Books,"Neque eum Torquatum, qui hoc primus cognomen invenerit, aut torquem illum hosti."
Toys,"Inesse notionem, ut alterum esse appetendum, alterum aspernandum sentiamus. Alii autem, quibus ego assentior, dum modo de isdem rebus ne Graecos quidem legendos putent. Res vero bonas verbis electis graviter ornateque dictas quis non legat? Nisi qui se Latina scripta."
Health & Beauty,"Voluptate, ut ab ea nullo modo poterimus sensuum iudicia defendere. Quicquid porro animo cernimus, id omne oritur a."
Automotive,"Hic tenetur a sapiente delectus, ut aut reiciendis voluptatibus maiores alias consequatur aut perferendis doloribus asperiores repellat. Hanc ego cum teneam sententiam, quid est cur tam multos legant, quam legendi sunt. Quid enim me prohiberet Epicureum esse, si probarem, quae."
Jewelry,"Succumbere doloribus eosque humili animo inbecilloque ferre miserum est, ob eamque debilitatem animi multi parentes, multi amicos, non nulli patriam, plerique."
Stationery,"Et solida corpora ferri deorsum suo pondere ad lineam, hunc naturalem esse omnium corporum motum. Deinde ibidem homo acutus, cum illud ocurreret, si omnia deorsus e regione ferrentur et, ut dixi, ad lineam, numquam fore ut."
