6,https://cdbaby.com/ignoratione/hoc.yml?quae&laudatur&industria&ne&fortitudo,2023-12-09 19:37:50
60,https://ox.ac.uk/nec/praeterea/de.cer?profecto&numquam,2024-06-26 01:13:17
20,http://springer.com/hominem/maximi/cadere/possunt/nulla/tradit.jks?ad&arbitrium&suum&scribere,2024-01-30 15:20:53
2,https://usnews.com/sapiens/erit/affectus/minime.msh2xml,2023-11-27 03:51:27
43,https://fastcompany.com/chrysippo/praetermissum/in/ei.jks,2024-04-23 08:08:46
57,https://vkontakte.ru/nisi/cum/ut.scf?idem&licet,2024-06-13 12:41:28
96,https://netvibes.com/carum/esse/iucundum/est/propterea/voluptate.bat?quis&est,2024-01-06 13:46:08
41,https://bbc.co.uk/fingi/potest/adipiscendarum.ods?vendibiliora,2024-11-03 03:21:34
90,https://independent.co.uk/in/primis/inter.html?ad,2024-04-17 17:23:00
72,https://photobucket.com/et/rutilius/multo/etiam/magis/non.xz?dici&possunt&ut&enim&medicorum,2024-10-13 01:06:21
73,https://youtube.com/inquam/et.mshxml?epicurus&terminari&summam&voluptatem,2024-08-06 19:30:36
5,https://surveymonkey.com/haec/minus.yml?voluptate&idem&etiam&dolorem,2024-03-16 05:28:09
72,https://quantcast.com/quia/voluptas/sit/aspernatur/aut/videre.wmv?et,2024-10-03 18:58:40
95,https://wufoo.com/plerisque/notissima/est/quam/a/illud.msh2,2024-08-11 00:34:39
46,https://slashdot.org/dolor/sit/amet/consectetur/adipisci/nos.scf?igitur&est&inquit&audire&enim,2023-12-07 17:05:48
35,https://japanpost.jp/qui/haec/subtilius/tenebo.mdb,2024-08-07 07:30:04
90,https://who.int/disciplinam/est.bash?propterea&quod&ipsa,2024-10-31 14:01:13
59,https://rakuten.co.jp/ad/cognitionem/omnium/et.yml?oritur,2024-10-14 09:46:43
44,https://princeton.edu/quos/torquate.md?sine&metu&vivere&quae,2024-03-20 05:55:20
10,http://altervista.org/modo/nec/possunt.msi?praeclara&sunt,2024-08-13 07:15:58
64,https://sphinn.com/concessum/in.mkv?in&hae&esse,2024-04-03 14:03:50
87,https://yolasite.com/nos/ea/quae/non.md?declinare&atomum&sine&causa,2024-05-05 07:39:56
21,https://ucoz.ru/ennii/medeam/aut/antiopam/tum.tsv?persecuti&sumus&ut&autem&a,2024-04-18 12:02:49
68,https://barnesandnoble.com/animum/excruciant/et/servire.mdf?lucifugi&maledici&monstruosi,2024-10-14 03:04:30
43,https://businessweek.com/quae/sed.html,2024-03-02 01:59:50
71,https://hhs.gov/omnium/philosophorum/sententia/tale/inquit.json?nulla,2024-11-12 23:18:26
21,https://nytimes.com/quod/tranquillat/animos/tum/si.json?iusteque&vivatur&nec&sapienter&honeste,2024-06-20 13:03:17
92,https://ezinearticles.com/conferebamus/neque/erat/caret.html,2024-04-28 07:14:56
54,https://fc2.com/summa/appareat/iis.bash?ita&paratus&est&ut,2023-12-25 20:20:51
71,https://studiopress.com/est/tamquam/artifex/conquirendae/et/graviterque.desktop?atque&haec,2024-07-09 04:46:56
66,http://gmpg.org/moderatius/tamen/id/nostris.yaml?rem&commenticiam,2024-10-02 09:05:07
73,https://hibu.com/amicos/primis.bz2,2024-02-02 07:59:56
57,https://sciencedirect.com/intellegunt/errore/fallare.bz2?geometriaque&perfecto,2024-07-23 21:29:47
14,https://so-net.ne.jp/faciendum/ii/voluptatem/maximam/adipiscuntur/opinor.conf?tibi,2024-04-23 07:26:20
95,https://gov.uk/videbitur/transferam/et/maxime/cum.docx?comprobavit&quod&quam&magnum,2024-02-04 17:01:10
84,https://google.fr/dolorem/sunt/prosperum.bin?quibus&tam&multis&tamque&variis,2024-10-20 02:54:08
27,http://craigslist.org/ut/etiamsi/nulla/semper.xml?carere&possent&sine&dolore&tum,2024-06-02 01:31:52
24,https://pagesperso-orange.fr/tum/illud/in/primis/distinctio.xlsx?et&ad&eos&cum,2024-08-04 17:01:50
58,https://discovery.com/quaeritur/esse.accdb?esse&solam&quae,2024-07-16 12:29:31
82,http://skyrock.com/quis/est/qui/ennii/scaevola.msh2xml,2024-08-10 12:26:54
91,http://theguardian.com/tibi/et/sequitur.toml?honestum&non&tam&id,2024-06-15 04:59:31
74,https://squarespace.com/nobis/philosophia/defensa/amaret.sig?dixi&hausta&e&fonte&naturae,2024-11-09 08:59:41
82,https://globo.com/quaeritur/sit/pulcherrimum/etenim/si/ad.jsp?vitae&degendae,2024-09-21 09:49:40
51,https://hexun.com/poena/legum/odioque/civium/ex.msh2?expetendis&quid&fugiat,2024-04-17 23:53:40
46,https://who.int/cohaerescant/ex/quo/vitam/amarissimam/hoc.asc?minuendas,2024-02-25 03:15:28
66,https://myspace.com/constituant/in/reque/eo/meliore/aspernatur.ps1xml,2024-02-14 05:01:24
93,https://spiegel.de/tribuat/quid/in/omni/re/cum.crt,2024-06-18 23:15:10
23,https://thetimes.co.uk/servare/id/diligi.psd1,2024-09-12 21:21:39
7,https://people.com.cn/depravatum/ipsa/natura/incorrupte/atque/legendus.pem?civitatis&p&scaevolam&mque&manilium,2024-10-17 23:16:11
89,https://phoca.cz/fructu/habendus/errem.mdb?inmortalibus,2024-08-14 00:41:04
43,https://dyndns.org/pueros/non/didicisse/profectus.odg?neque,2024-03-16 02:35:45
48,https://ehow.com/quadam/ratione/autem.p12?suas&habent&illas&non&magnopere,2024-09-12 12:27:19
50,https://walmart.com/voluptatibus/ut/nulli/propter/eas/a.exe?facere&ipsa&per&se,2024-05-22 22:57:22
85,http://scientificamerican.com/beateque/aut.pfx?bonorum&voluptatem&ex,2024-05-03 11:39:21
78,https://surveymonkey.com/unum/quae/responsum.css?forensibus&operis&laboribus&periculis&non,2024-06-05 07:11:19
32,https://shop-pro.jp/augendas/cum/conscientia/incidunt.rar?quoque&causae&sed&multitudinem&haec,2024-01-13 19:48:25
67,http://google.co.jp/modum/tamen.pptx?hoc&commune&vitium&illae,2024-07-16 08:02:58
76,https://ca.gov/temporibus/nulla.csr?pugnantibus&et&contrariis&studiis,2024-10-22 14:22:03
50,https://acquirethisname.com/versuum/memoria/voluptatis/affert/nec/errata.tsv,2024-02-09 09:49:22
16,http://goo.ne.jp/suum/iudicium/sed.odt?percipiatur&quod&videamus&esse&finitum,2024-08-06 03:14:49
20,http://wisc.edu/pacuvii/spernat/aut/reiciat/quod/aequum.iso,2023-12-14 03:41:59
55,https://latimes.com/propter/amici/omnes.yml?in&animis&nostris,2024-10-10 08:13:28
22,https://ask.com/firmam/et/perpetuam/iucunditatem/causa.accdb?latinis&quod&inciderint&in&inculta,2024-04-23 02:42:04
7,https://tamu.edu/ea/putant/usque/neque.vcd?nec&cum&istis,2024-05-10 20:15:17
68,https://guardian.co.uk/bonorum/vel/bella.avi?voluptatem&aut&cum,2024-05-20 03:47:52
16,https://trellian.com/deinde/de.url?amicitia&quasi&claudicare&videatur,2024-09-24 17:35:18
95,https://bandcamp.com/plurimum/posuit/existimo.msh2?aliquo&laborat,2024-08-30 14:33:34
51,https://pinterest.com//probarent.p12?erit&enim&iam&de&omnium,2024-03-13 22:31:41
100,https://illinois.edu/nam/sententiae.gz?omnium&corporum,2024-05-03 01:34:52
2,http://phpbb.com/semper/voluptatibus/inhaererent/omnesque.md,2024-07-21 08:21:28
73,https://vinaora.com/vicinum/non/vult/fodere/possumus.md?disputationi,2024-08-22 00:00:23
54,https://icq.com/et/dignitatis/molestiae.iso?natura&cupiditatum&generibusque&earum&explicatis,2024-04-18 01:05:52
99,https://narod.ru/corrupti/est.pdf?cum&miraretur&ille&quidem&utrumque,2024-09-15 03:10:31
10,https://cbslocal.com/expetendam/et/dolorem/et.ps1xml?ita,2024-05-18 16:02:58
83,https://youku.com/docui/cognitionis/hausta.gif?theseo,2024-01-14 17:35:33
57,https://cloudflare.com/referri/oporteat/ipsum/quandam.css?ac&partiendo&docet&non,2024-01-31 20:38:15
14,https://myspace.com/litteris/concederetur.mdf,2024-09-26 05:32:23
66,http://uiuc.edu/libidinem/fingitur//ait/enim/ut.mshxml,2024-02-07 10:16:45
27,https://nih.gov/principio/inquam/in/physicis/erat.xlsx?quam&graecam&quando,2023-12-12 18:04:21
100,https://xinhuanet.com/senectutem/chremes.pub?nec&libidinum&nec&epularum&nec,2024-07-23 00:26:31
46,http://cloudflare.com/qui/omnino/avocent/vos.avi?hoc,2024-10-30 07:47:51
32,https://spotify.com/diceret/cum/praesertim/illa/perdiscere/ullus.accdb?neque&tam&docti,2024-11-18 22:54:59
40,https://google.ca/sentit/quem/dominos.odt,2023-11-25 00:18:57
29,http://wsj.com/tum/id/quod/praesenti.jsp?ut&verterunt&nostri&poetae,2024-02-05 06:07:16
60,https://fda.gov/in/et.rpm?nihil,2024-08-10 19:14:16
21,http://addtoany.com/modo/efficiatur/concludaturque/malivoli.odt?poetis&aut&inertissimae&segnitiae&est,2024-06-03 20:45:55
86,https://sakura.ne.jp/genus/est/et/expedita/distinctio/voluptate.odt?quo&melius&viveremus&eas,2024-11-15 06:39:36
95,https://furl.net/extremum/etiam/indoctum/quas.wav,2023-12-26 11:47:53
27,https://webmd.com/vero/id/quidem/inquam/id.jsp?qui&blanditiis,2024-09-17 01:27:38
80,https://cnet.com/constituant/in/reque/eo/quam.bash?conclusionemque&rationis&et,2024-06-12 18:09:46
39,https://wisc.edu/expetendam/et/insipientiam/meam.desktop?aut&officiis&debitis&aut,2024-01-09 21:56:11
65,https://amazonaws.com/gravissimis/rebus/non/delectet/se.png?quod&maxime,2024-07-17 05:24:42
75,https://uol.com.br/quid/iudicat/quo/aut/petat/modo.bz2,2023-12-15 16:48:14
4,https://sohu.com/dicam/aut/oratoribus/esse.gz?cohaerescent&sive&aliae&declinabunt,2024-11-17 18:15:52
50,https://huffingtonpost.com/quis/eas/aut/laudabilis/voluptate.gpg?esse&firmissimum&sunt&autem,2023-12-12 06:13:00
83,http://newyorker.com/democritum/laudatum/etiam.xlsx?cognitioque&rerum,2024-03-15 23:57:52
15,https://berkeley.edu/voluptas/quid.xz?evertunt&totam&etiam,2024-04-12 09:36:11
1,https://fc2.com/ut/sitne.msh,2024-03-04 11:04:28
33,https://addtoany.com/quae/in/rebus/aut/expetendis/metu.json?est&alienus&democritea&dicit,2024-06-26 01:34:44
9,https://psu.edu/consule/ipsi/se/indicaverunt/voluptatem.cfg?videtur&multis&voluptatibus&cum,2024-05-14 02:56:27
