Rainbow Veggie Chips,"Colorful veggie chips made from beets, carrots, and sweet potatoes.",3.29,8353,9,2024-09-21 10:52:18
Honey Sesame Chicken,A delicious chicken dish featuring honey and sesame flavors.,8.99,8428,9,2024-09-24 04:38:18
Mini Fondue Set,Complete fondue set for chocolate and cheese parties.,34.99,3580,4,2024-03-30 18:19:48
Multicolored LED Strip Lights,Flexible LED lights for creative home lighting designs.,29.99,4664,3,2024-05-09 10:53:02
Karaoke Microphone,Wireless microphone for singing and performances.,39.99,2159,1,2024-02-07 18:16:53
Hot Dog Buns,Soft buns perfect for stuffing with your favorite hot dogs.,2.49,6868,6,2024-07-29 02:22:22
Non-Stick Grill Mat,Reusable mat that prevents food from sticking to the grill.,19.99,3791,4,2024-04-07 11:54:46
Infrared Thermometer,Non-contact thermometer for checking temperatures instantly.,39.99,309,6,2023-12-02 01:14:30
Asian Noodle Salad Kit,A pre-packaged salad kit with noodles and Asian-style dressing.,4.99,5585,10,2024-06-12 03:26:48
Siphon Coffee Maker,Unique coffee brewing method for a flavorful experience.,49.99,3406,6,2024-03-24 10:00:56
Fried Rice,"Pre-cooked vegetable fried rice, just heat and serve.",4.29,5195,2,2024-05-28 21:22:29
Zesty Garlic Marinade,"A tangy marinade for meats and veggies, packed with garlic flavor.",4.49,9129,6,2024-10-19 20:28:23
Beef Jerky,"Savory, protein-rich beef jerky for on-the-go snacking.",5.99,5275,9,2024-01-17 21:35:16
Ceramic Planter Set,Set of decorative ceramic planters for indoor plants.,39.99,1589,10,2024-05-31 01:39:56
Apple Juice,"Refreshing apple juice, 100% juice with no added sugar.",3.29,5255,2,2024-09-28 23:20:05
Tandoori Chicken Marinade,Delicious and tangy marinade for grilling or baking chicken.,2.49,8558,1,2024-03-01 22:21:38
Adjustable Kneeling Pad,Comfortable kneeling pad for gardening or home projects.,18.99,2792,5,2024-01-29 15:03:39
Juice Extractor,Efficient juicer for fresh fruit and vegetable juices.,99.99,1909,1,2024-11-09 00:56:34
Cable Knit Cardigan,Cozy cable knit cardigan to layer during chilly evenings.,49.99,9680,3,2024-10-25 00:10:30
Teriyaki Chicken Bowl,Ready-to-eat chicken bowl with teriyaki sauce and rice.,6.49,9270,1,2024-01-12 12:53:51
Personal Blender,Compact blender for quick smoothies and shakes.,39.99,1443,6,2023-12-07 03:46:02
Hand Mixer,Compact hand mixer for easy baking.,29.99,449,3,2024-11-18 08:17:36
Basic V-Neck T-Shirt,A staple v-neck t-shirt that pairs well with anything.,19.99,9935,2,2024-11-18 03:15:22
Elegant Lace Dress,A stunning lace dress perfect for special occasions.,79.99,9929,3,2024-04-18 10:15:54
Non-Stick Crepe Pan,Perfectly designed pan for making crepes and pancakes.,29.99,4090,6,2024-06-25 00:52:25
Insulated Lunch Box,Durable lunch box designed to keep food fresh and cool.,24.99,5937,3,2024-04-05 13:15:26
Smart WiFi Plug,Control appliances remotely using your smartphone.,19.99,3738,4,2023-12-05 04:49:22
Veggie Burger Patties,Delicious veggie burger patties for grilling or frying.,5.99,395,8,2024-07-30 00:52:56
Organic Apples,Crisp and delicious organic apples.,1.89,6893,9,2024-02-06 23:24:54
High-Speed Blender,Powerful blender for smoothies and soups.,99.99,4759,8,2023-12-07 14:58:29
Electric Bike,Eco-friendly electric bike with a 30-mile range.,899.99,2138,7,2024-07-21 18:00:55
Sliced Avocado,"Ready-to-eat avocado slices, perfect for tacos.",2.79,461,1,2024-05-28 03:35:41
Peas (frozen),"Frozen green peas, a great addition to meals.",1.89,6667,7,2024-02-09 02:45:08
Samsung Galaxy Smartwatch,Stylish smartwatch with fitness tracking and notifications.,249.99,5175,3,2024-01-04 11:42:54
Acoustic Guitar,Beginner-friendly acoustic guitar with natural finish.,199.99,2196,2,2024-02-07 14:58:26
Karaoke Microphone,Wireless microphone for singing and performances.,39.99,1223,8,2024-02-08 21:23:31
Paprika,Rich and sweet paprika spice for seasoning.,1.79,2155,4,2024-03-11 05:29:12
Salt and Pepper Grinder Set,Adjustable grinders for fresh spices at the table.,19.99,5524,2,2024-08-12 15:55:04
Pest Control Traps,Non-toxic traps for catching household pests safely.,22.99,2190,9,2024-11-07 00:01:11
Chocolate Chip Cookie Dough,Ready-to-bake cookie dough packed with chocolate chips.,5.49,3046,5,2024-09-09 04:44:55
Faux Leather Leggings,Stylish faux leather leggings for a trendy outfit.,49.99,7266,9,2024-06-21 09:16:05
Nut Butter Cups,Delicious dark chocolate with creamy nut butter inside.,3.99,9625,3,2024-10-12 17:14:01
Himalayan Pink Salt,"Natural mineral salt with a subtle flavor, ideal for cooking and seasoning.",1.99,8018,9,2024-07-13 16:56:57
Chickpea Salad Deluxe,"Chickpeas mixed with fresh vegetables and herbs, a nutritious snack or salad.",4.29,5837,8,2024-02-26 20:19:52
Peach Preserves,"Sweet and fruity peach preserves, perfect for spreading on toast.",3.79,8934,3,2024-01-29 16:07:42
Mango Chunks,Frozen mango chunks for smoothies or snacking.,4.89,7237,7,2023-11-26 06:41:12
Electric Griddle with Lid,"Non-stick griddle for pancakes, burgers, and more.",49.99,6447,6,2024-06-25 13:17:36
Salsa,"Fresh and zesty salsa, perfect for nachos.",3.49,2681,3,2024-07-12 01:33:40
Juice Extractor,Efficient juicer for fresh fruit and vegetable juices.,99.99,4818,9,2024-02-12 00:00:55
Air Purifier,HEPA air purifier for clean indoor air.,129.99,1911,6,2024-01-14 14:20:30
Pumpkin Spice Latte Mix,Instant mix for delicious pumpkin spice lattes at home.,3.29,151,8,2024-08-04 07:56:49
Cauliflower Crust Pizza,A gluten-free pizza crust made from cauliflower.,7.99,5951,8,2024-03-15 07:47:13
Handheld Garment Steamer,Quick and easy way to remove wrinkles from clothes.,34.99,6402,1,2024-09-01 05:05:37
Kids' Educational Tablet,Learning tablet with kid-friendly educational apps.,129.99,2275,10,2024-10-03 04:52:31
Gluten-Free Biscuits,Fluffy biscuits made without gluten,3.79,1499,7,2024-01-09 13:19:43
Coffee Subscription Service,Monthly subscription for freshly roasted coffee delivered to your door.,29.99,7038,3,2024-04-26 19:24:44
Lemon Herb Chicken,Marinated chicken grilled with lemon and herbs.,7.49,3158,8,2024-09-29 10:33:03
Pesto Pasta Salad,Cold pasta salad tossed with pesto and fresh vegetables.,4.99,7800,5,2024-02-08 02:22:29
Pasta Maker Machine,Manual pasta maker for creating fresh pasta at home.,59.99,8674,6,2024-09-22 10:15:49
Sweet Potato Chips,"Deliciously crunchy sweet potato chips, seasoned to perfection.",2.99,1361,3,2024-01-24 21:22:55
Noise-Canceling Headphones,High-quality headphones that block out external noise for immersive listening.,119.99,8233,9,2024-01-28 14:30:37
Blueberry Chia Jam,"Homemade jam made with blueberries and chia seeds, no added sugar.",4.99,4319,9,2024-02-19 23:18:37
Electric Egg Cooker,Automatically cooks eggs to your desired level.,29.99,8571,5,2024-07-04 13:48:05
Caramel Apple Taffy,"Sweet and chewy taffy flavored like caramel apples, great for fall.",1.99,2168,10,2024-06-04 15:56:42
Peanut Butter Chocolate Chip Bars,Chewy bars made with peanut butter and chocolate chips.,4.59,8379,5,2024-08-01 15:31:36
Toy Building Set,Creative building set for kids to spark imagination.,29.99,1780,4,2024-02-08 20:43:11
Scent Diffuser Oil,Essential oil blends for a soothing atmosphere in your home.,14.99,7383,2,2024-10-02 14:13:46
Coconut Oil,Versatile organic coconut oil for cooking and baking.,6.49,1882,3,2024-05-19 15:44:53
Sliced Cheese,"Assorted sliced cheese, perfect for sandwiches.",4.49,2493,8,2024-09-13 14:47:50
Salt and Pepper Grinder Set,Adjustable grinders for fresh spices at the table.,19.99,6198,8,2024-05-26 12:06:38
Garlic Herb Cream Cheese,Spreadable cream cheese blended with garlic and herbs.,2.99,5380,8,2024-08-12 04:21:54
Coconut Milk,Rich coconut milk for curries and desserts.,2.49,6965,5,2024-11-10 02:18:44
Coconut Oil Spray,A zero-calorie coconut oil spray for cooking and baking.,4.99,2189,8,2024-08-08 11:49:56
Ice Cream,"Rich and creamy ice cream, available in various flavors.",5.99,8657,1,2024-04-09 03:25:04
Granola Clusters,"Crunchy granola clusters, perfect for snacking or topping yogurt.",4.99,4943,8,2023-11-25 06:43:59
Linen Trousers,Breathable linen trousers perfect for hot weather.,44.99,8139,1,2024-10-25 20:31:10
Vegetable Spring Rolls,Crispy spring rolls filled with vegetables,6.49,5130,1,2024-05-15 02:03:53
Over-the-Door Hooks,Convenient hooks that utilize door space for hanging items.,12.99,7252,5,2024-07-04 14:03:00
Wall Art,Abstract canvas print to enhance home decor.,45,9709,9,2024-02-20 05:29:10
Honey Ginger Tea,"Soothing tea with honey and ginger, great for relaxation.",2.99,7152,5,2024-08-21 05:22:22
Salsa,"Fresh and zesty salsa, perfect for nachos.",3.49,3836,7,2024-07-30 15:28:33
Coconut Oil,Versatile organic coconut oil for cooking and baking.,6.49,124,4,2024-05-05 14:29:55
Kids' Science Experiment Kit,Engaging kit with science experiments for children.,29.99,9293,5,2024-06-11 06:04:58
Nutty Trail Mix,"A blend of nuts, seeds, and dried fruits for snacking.",4.29,4818,8,2024-02-20 07:45:59
Sesame Noodles,"Chilled noodles dressed in sesame sauce, ready to eat.",5.99,6198,8,2024-10-01 07:44:53
Portable Ice Maker,Compact ice maker for creating ice at home or in offices.,199.99,2500,8,2024-09-29 19:35:57
Almond Flour Tortillas,"Gluten-free tortillas made from almond flour, perfect for various wraps and meals.",4.99,7500,1,2024-04-18 15:13:24
Plant-Based Protein Bars,Nutritious protein bars for on-the-go snacking.,19.99,6910,8,2024-10-22 20:43:41
Cinnamon Sugar Popcorn,Sweet popcorn coated in a mixture of cinnamon and sugar.,2.89,4559,3,2024-11-16 09:51:04
Pumpkin Pie Spice,A blend of spices that brings the taste of fall to your baked goods.,2.99,5560,2,2024-03-20 13:11:31
Water-Resistant Bluetooth Speaker,Durable speaker designed for outdoor use with water resistance.,59.99,2502,10,2024-01-18 06:57:56
Strawberry Fruit Spread,Natural fruit spread bursting with real strawberry flavor.,3.59,8622,10,2024-02-07 22:48:22
Noise-Canceling Headphones,High-quality headphones that block out external noise for immersive listening.,119.99,8581,10,2024-07-24 20:46:07
Warm Knit Beanie,Stay warm with this stylish knit beanie in various colors.,19.99,4095,10,2024-08-15 22:39:45
Tabletop Fire Pit,Compact and stylish indoor/outdoor fire pit for ambiance.,79.99,9211,7,2024-08-07 02:26:38
Stainless Steel Grater,Multi-functional grater for cheese and vegetables.,14.99,4318,8,2024-08-10 19:20:57
Pocket Blanket,"Compact, waterproof blanket for picnics and events.",24.99,9882,2,2024-04-25 22:18:23
Sourdough Bread,Artisan-made sourdough bread with a tangy flavor.,4.99,3301,5,2024-08-18 02:25:38
Thai Coconut Curry Sauce,A rich coconut curry sauce perfect for simmering vegetables or meats.,3.99,1600,2,2023-12-03 00:56:08
Basil-infused Olive Oil,Extra virgin olive oil infused with fresh basil.,6.99,2164,2,2024-08-11 04:47:44
