7,2023-12-15 09:21:02,2023-12-16 09:21:02
94,2024-10-28 18:32:39,2024-10-29 18:32:39
42,2023-12-05 00:29:49,2023-12-06 00:29:49
33,2024-08-24 14:36:21,2024-08-25 14:36:21
91,2024-04-20 14:22:17,2024-04-21 14:22:17
45,2024-03-17 19:45:57,2024-03-18 19:45:57
22,2024-10-17 04:58:22,2024-10-18 04:58:22
41,2024-05-02 09:38:39,2024-05-03 09:38:39
53,2024-02-06 03:38:16,2024-02-07 03:38:16
77,2024-05-29 02:53:22,2024-05-30 02:53:22
96,2023-12-15 22:38:04,2023-12-16 22:38:04
6,2024-08-13 13:09:49,2024-08-14 13:09:49
56,2024-08-02 12:17:58,2024-08-03 12:17:58
71,2024-08-26 18:32:45,2024-08-27 18:32:45
28,2024-11-02 17:21:46,2024-11-03 17:21:46
52,2023-12-09 00:44:56,2023-12-10 00:44:56
49,2024-06-10 03:10:30,2024-06-11 03:10:30
78,2024-08-03 14:51:18,2024-08-04 14:51:18
90,2024-02-28 23:03:06,2024-02-29 23:03:06
38,2024-05-15 22:18:34,2024-05-16 22:18:34
8,2024-08-30 06:41:04,2024-08-31 06:41:04
54,2024-10-12 19:48:32,2024-10-13 19:48:32
35,2024-04-06 12:32:11,2024-04-07 12:32:11
33,2023-12-17 13:24:09,2023-12-18 13:24:09
42,2024-06-02 12:26:06,2024-06-03 12:26:06
4,2024-03-24 16:21:02,2024-03-25 16:21:02
46,2024-09-08 11:24:28,2024-09-09 11:24:28
32,2024-03-19 12:09:55,2024-03-20 12:09:55
83,2024-08-06 12:58:50,2024-08-07 12:58:50
70,2024-04-21 06:22:05,2024-04-22 06:22:05
74,2024-05-04 20:49:13,2024-05-05 20:49:13
90,2024-06-01 04:16:05,2024-06-02 04:16:05
89,2024-07-11 12:49:03,2024-07-12 12:49:03
94,2024-03-16 00:26:03,2024-03-17 00:26:03
8,2024-10-21 17:05:03,2024-10-22 17:05:03
68,2024-09-16 22:42:29,2024-09-17 22:42:29
7,2024-07-30 17:24:30,2024-07-31 17:24:30
80,2024-08-15 22:55:23,2024-08-16 22:55:23
39,2024-10-14 04:57:57,2024-10-15 04:57:57
33,2024-10-09 19:16:46,2024-10-10 19:16:46
33,2024-05-21 01:44:43,2024-05-22 01:44:43
71,2024-07-22 16:15:24,2024-07-23 16:15:24
4,2024-10-28 07:30:08,2024-10-29 07:30:08
55,2023-12-16 20:22:06,2023-12-17 20:22:06
44,2024-07-23 00:25:38,2024-07-24 00:25:38
89,2023-12-14 19:35:21,2023-12-15 19:35:21
23,2024-09-06 01:57:40,2024-09-07 01:57:40
46,2024-04-08 05:11:37,2024-04-09 05:11:37
95,2024-03-18 09:55:26,2024-03-19 09:55:26
43,2024-03-18 19:56:34,2024-03-19 19:56:34
95,2024-08-04 15:36:14,2024-08-05 15:36:14
24,2023-12-03 21:59:55,2023-12-04 21:59:55
59,2024-06-05 16:10:28,2024-06-06 16:10:28
24,2024-04-26 20:59:46,2024-04-27 20:59:46
50,2024-10-09 08:09:39,2024-10-10 08:09:39
27,2024-02-10 18:11:08,2024-02-11 18:11:08
84,2024-05-03 17:35:36,2024-05-04 17:35:36
57,2024-10-31 04:49:28,2024-11-01 04:49:28
45,2024-04-22 15:30:07,2024-04-23 15:30:07
11,2024-10-30 15:32:08,2024-10-31 15:32:08
2,2024-02-14 01:55:48,2024-02-15 01:55:48
1,2024-06-20 17:25:28,2024-06-21 17:25:28
84,2023-12-23 13:58:47,2023-12-24 13:58:47
88,2024-02-13 18:00:55,2024-02-14 18:00:55
100,2024-05-19 06:14:26,2024-05-20 06:14:26
97,2024-02-24 06:05:05,2024-02-25 06:05:05
78,2024-09-22 03:28:54,2024-09-23 03:28:54
78,2024-06-14 08:09:37,2024-06-15 08:09:37
89,2024-05-02 13:49:28,2024-05-03 13:49:28
68,2024-10-26 01:43:57,2024-10-27 01:43:57
64,2023-11-25 01:39:17,2023-11-26 01:39:17
87,2023-11-21 07:03:47,2023-11-22 07:03:47
81,2024-09-21 16:08:57,2024-09-22 16:08:57
91,2024-03-13 03:56:17,2024-03-14 03:56:17
8,2024-10-06 16:10:31,2024-10-07 16:10:31
89,2024-11-17 16:47:56,2024-11-18 16:47:56
73,2024-11-06 13:11:57,2024-11-07 13:11:57
63,2024-08-29 13:28:04,2024-08-30 13:28:04
72,2024-07-22 13:28:48,2024-07-23 13:28:48
67,2024-06-12 10:54:17,2024-06-13 10:54:17
34,2024-08-30 01:49:12,2024-08-31 01:49:12
51,2024-10-10 07:19:56,2024-10-11 07:19:56
66,2024-07-25 01:08:24,2024-07-26 01:08:24
31,2024-07-09 17:32:29,2024-07-10 17:32:29
72,2024-04-25 18:58:45,2024-04-26 18:58:45
77,2024-11-09 16:59:44,2024-11-10 16:59:44
86,2024-09-08 14:39:41,2024-09-09 14:39:41
85,2024-10-16 16:44:37,2024-10-17 16:44:37
71,2023-12-18 20:13:50,2023-12-19 20:13:50
59,2024-10-09 18:00:42,2024-10-10 18:00:42
100,2024-07-05 09:59:29,2024-07-06 09:59:29
68,2024-08-08 05:44:05,2024-08-09 05:44:05
65,2024-07-20 14:58:59,2024-07-21 14:58:59
5,2024-03-22 21:29:23,2024-03-23 21:29:23
45,2024-05-23 00:41:18,2024-05-24 00:41:18
22,2024-01-21 16:45:17,2024-01-22 16:45:17
83,2024-08-16 19:20:17,2024-08-17 19:20:17
84,2024-07-17 23:11:10,2024-07-18 23:11:10
61,2024-03-10 02:52:28,2024-03-11 02:52:28
68,2024-08-09 05:59:11,2024-08-10 05:59:11
