1,2024-04-03 11:39:33
2,2024-10-17 18:47:31
3,2024-06-28 07:18:28
4,2024-04-14 04:43:16
5,2024-07-22 09:13:10
6,2024-08-03 18:43:17
7,2024-10-19 03:39:59
8,2024-08-10 13:28:58
9,2024-11-08 01:55:12
10,2024-01-14 22:25:34
11,2024-09-04 16:45:41
12,2024-03-22 09:34:01
13,2023-11-28 03:00:28
14,2024-10-06 12:26:20
15,2024-01-26 08:29:20
16,2024-01-29 04:33:59
17,2024-09-18 19:45:03
18,2024-10-16 02:07:37
19,2024-01-09 10:09:42
20,2024-09-11 12:50:53
21,2024-01-07 07:31:16
22,2024-05-30 22:59:28
23,2023-12-19 16:19:19
24,2024-11-10 18:52:27
25,2024-01-25 06:49:08
26,2024-04-10 19:44:48
27,2024-01-20 22:14:55
28,2024-07-21 01:07:18
29,2024-05-02 01:12:59
30,2024-11-09 23:19:29
31,2023-12-27 18:15:27
32,2024-07-01 07:28:24
33,2023-11-23 23:38:07
34,2024-01-08 10:42:34
35,2024-11-10 05:28:15
36,2024-06-27 09:36:25
37,2024-08-29 22:23:35
38,2024-11-19 16:34:23
39,2024-06-08 10:50:13
40,2024-04-30 01:30:10
41,2024-01-27 15:34:10
42,2024-01-19 14:17:43
43,2024-04-25 04:09:44
44,2024-04-30 03:54:34
45,2024-10-19 23:10:29
46,2024-02-25 03:26:39
47,2023-12-13 15:55:16
48,2024-05-31 02:34:08
49,2024-01-20 10:25:40
50,2024-06-09 18:02:25
51,2024-07-18 11:55:00
52,2024-08-05 12:47:24
53,2024-08-14 16:50:18
54,2024-08-05 14:05:45
55,2023-12-23 22:55:45
56,2023-11-26 17:48:23
57,2024-09-22 08:11:08
58,2024-08-23 20:53:00
59,2024-02-09 02:22:55
60,2024-01-11 14:29:02
61,2024-09-25 23:55:51
62,2024-04-23 14:17:02
63,2024-07-12 19:02:45
64,2024-10-17 16:43:35
65,2024-08-30 10:34:53
66,2024-10-29 01:52:11
67,2024-07-20 09:19:49
68,2024-10-28 01:07:09
69,2024-02-12 05:07:11
70,2024-03-13 20:31:11
71,2024-09-25 10:26:16
72,2024-10-23 21:51:36
73,2024-01-19 18:03:05
74,2024-11-07 14:58:47
75,2024-09-05 01:47:57
76,2024-02-15 10:37:17
77,2024-09-04 05:40:26
78,2024-02-23 23:16:43
79,2024-09-13 02:57:58
80,2024-11-18 08:57:56
81,2024-01-01 22:56:25
82,2023-12-28 22:03:07
83,2024-05-20 19:58:43
84,2024-05-21 15:14:34
85,2024-06-20 08:53:21
86,2024-09-22 06:09:30
87,2024-11-17 12:06:55
88,2024-03-11 12:16:58
89,2023-11-27 20:59:10
90,2024-01-08 04:50:14
91,2024-01-21 15:39:25
92,2024-07-09 14:04:07
93,2024-03-13 02:34:34
94,2024-05-03 11:25:52
95,2024-01-03 02:19:28
96,2024-06-12 21:10:55
97,2024-01-08 11:51:33
98,2024-04-24 04:38:39
99,2024-06-17 09:37:06
100,2024-10-15 20:14:07
