mector29500,BcB7Be5dEe0DDFCCb72FacCdBaa10ff21295b0B2bdeb43e3AbD4544CbFCccbbB,mitchael.ector@yahoo.com,2024-03-04 19:08:27,2
ahuggen47376,B0D3FbdbFbA3DD3CB1A4faBa6bEeAFafbAea9b24BEdDC2F4CdBd7f4C1C96FaBa,ailina.huggen@yahoo.com,2024-05-03 11:25:46,3
kde mitris30542,C2AafAA5fdE6aCFdadCE6e01fDc8fa17e1be40Ac6d4B51eB9Eb1fa9fAFeeAb21,kale.demitris@hotmail.com,2024-02-14 11:28:01,2
jkearle13486,f3cdDeBa999bAccBCeFA7E2bDfF1FEb97ECb80cA94CaF0E10BDCcfDaAEBdFd3B,joline.kearle@gmail.com,2024-08-11 07:24:56,4
bivannikov30030,5ed355eED1adF2DeebEb95B0DB4d1E9fB9C4bFdBbEdC70dEfefAfC09BE8CaA4b,babb.ivannikov@wanadoo.fr,2024-05-19 04:01:12,3
acreed56973,acBCbaFF3C6d4cbcaE83f2DcAefffe4BDd5bF8DCAb74d034AF5B00faefACBaDC,amitie.creed@yahoo.com,2024-05-09 07:07:27,3
jridd13665,b9dbDBAcfcdfCc90ECACFafa3EfACAEE42ABCAbf307fBDBCc3dE9DA1a6C94Ca7,jesse.ridd@hotmail.fr,2024-02-11 07:19:44,2
hiddison56499,bDe656fd33FADfeaB90FC752fa4e64aEBBe0ddBbAFdc8AfecA9a01DB8eBbE3Fe,hunter.iddison@hotmail.com,2024-02-04 01:01:44,2
lstanmer23608,aaB90F0abEffcdADEEe3464e07e9bAAbEFEDcC2EBAdEED3f62CCbe1fA9e8Be1E,leonore.stanmer@hotmail.com,2024-08-29 22:46:39,3
acritchley53958,fDDB5EEebFd6FbAA422E2f6BDAFdcaF0f11b22fCb0EB9Af4BECa9dEce05dcbBf,alli.critchley@aol.com,2024-05-06 10:32:01,2
nspikings10636,bcBC6D5523CeAAc7F4Cb7B04C9f9EcEA3DdDeCBdeE7dcbFFD6A4Daaa5Feb6Db5,norry.spikings@yahoo.com.br,2024-03-02 11:42:46,5
ckingsbury30328,2DeA5Fe0Bd92bfc5fEeD1D41dE8fC0EbC4bB9b20c00BFEaFe0ADaFDa5dFe0069,charissa.kingsbury@gmail.com,2024-10-03 21:48:52,2
ngerber24868,b2F0FD3Fe4a48d4Ccdb5A96C9eBF4baE64Dca6fA44d234b4e821F8dABbe3B5ba,nichol.gerber@hotmail.com,2024-08-16 00:09:10,5
rpavlenkov32184,9CE65DeECAcDAFBE9FAF7cbc11EEDbDDCb8bAdA9CF5dc8daC56cc9F9af33F09e,ryun.pavlenkov@hotmail.com,2024-02-05 01:00:20,3
gcharman19292,1Ad11EADA09AeE56FeCae9042ef5705ca2cBBbBee5Ffc65bF1C646DcfE7FCbBE,garik.charman@outlook.com,2024-06-06 20:39:40,4
ckidds30805,F1EDE6DB09F7FEd2abACAF10Eb33cC548c9FFBDDcEB13dB6ADdED6F9DFcfcfed,corbett.kidds@yahoo.com,2024-10-01 06:16:22,5
agommery22046,F9f179C2d21f47e04BccDDbcf8C8EACccaCBE25eaf4bea2aCAf34DDd12B8De46,amabel.gommery@tin.it,2024-05-24 13:22:09,5
bmcmanaman46133,c3Fbfd47ACcCF6BAE6b0624dcc86B2a6CDE86EFc74fbEba02AcE8F8aDDDEFaDa,bertie.mcmanaman@yahoo.com,2024-03-31 13:42:42,1
skaret40525,85Ed6E8CFe9AfAAdf0D4c4C8baA13faCDDdFf3E8bBAcc3AdD3bB290acDaEdf7A,sol.karet@yahoo.com,2024-08-05 21:06:37,3
estrick48242,aA90CB5ecEA4eDfaAc1F7dEbdCEdDcfcbDbB5C97EC3EcfbDfe35ebaBC0Fac7Af,emmalee.strick@gmail.com,2024-09-17 01:38:22,3
aelliss18624,CeeAecAaD85a6A3ABAbecEa0e0DeEd9fd3Ceca856AaAb5e1F52086Bd08Efba7E,aurore.elliss@gmail.com,2024-09-13 05:25:26,4
nwoodwing56103,9bD816E6Ee3b7d7deEAfAc9DF0FBB81A5d001d1d6Edf5C62FCCcb1a9EaCCeeb3,nap.woodwing@hotmail.com,2024-01-19 02:59:26,3
yfrake48570,d22BFceB6cA5Eaa7BDD206aDCDDbab1cCDDE4e47dBE80b4AadFA3b246c8DaBc0,yehudi.frake@hotmail.com,2023-12-23 18:21:17,5
rhillan52451,e8eEBf3cdbd9CfDAbFaAEE14CE0b6A44265048757AB52fBE6a3DEd8dECcb0aBA,raphael.hillan@gmail.com,2024-05-08 02:27:04,2
zpartington37175,6d0da77E49b4Ed7AcFCcbBb524F1b3f605CFA4B3F9cA0c9Dffc4eac3BCF5FAB8,zebadiah.partington@yahoo.com,2024-05-23 00:27:05,3
jdinley18375,2A3F9BAE25bCE0Ccb3dbdbC32b771AD3Edea5A5dbC2F98ccEcCd053c27BEA9DB,janelle.dinley@hotmail.com,2024-04-07 14:32:43,3
lmcgauhy37883,caddfBD101ceEcFBAe3BcA211Fdd3EC0AAca05C7a0E533FCED8c1FDD05c858dA,langsdon.mcgauhy@outlook.com,2024-07-06 18:32:51,3
echopy13245,DC6C1f3ced5fF6F1eDaaB6f87ab8F7Ec0b076Ff80d6ECFb109CaBdF32b4Ed40e,elizabet.chopy@hotmail.com,2024-05-18 11:15:23,4
kbeeken7036,f9BfF2ACcdcE2cbf4CB3df4a80B74fBbAC5ECfEBcd8DbA7C2d2CFBF3BfedaEFC,karia.beeken@aol.com,2024-10-08 13:22:40,2
bsomerscales52372,aFa8a4Ded0C1b9Da9ff5adB8AD44cB09F1ddfcbf5eE0aDdbd8EAC3Ea74f13Ced,bryce.somerscales@hotmail.com,2024-03-07 11:09:02,4
nmardlin6896,BEBECeea1DaD3F5Be44EABbdfEAa16bF1bEdfe2EFAeBE4Ad0f9073e6c6EfA73e,nara.mardlin@gmail.com,2024-04-28 04:05:01,1
apoulglais43114,2f7BEaEBDbe093daa2AAdd8D8fE6126EeBc5034BebFAEf7F4AaeEdbeCD5dFEc5,alana.poulglais@gmail.com,2024-05-10 18:19:41,2
abossom1220,C35bAEdcEd46fBb3320FCAFbc69d08dCE0A4D4C8ed7fbaCBBb6eDb0D45Ea9aae,atalanta.bossom@gmail.com,2024-11-15 02:08:20,5
msaker63135,902Fe289d47Cb37FBd8aaB4cEB9dEde8d4bcbe51fede1Afd7f16FAdeb887BfCB,meier.saker@hotmail.fr,2024-03-22 20:17:46,1
phulme57174,962cc1FDaD1cDf7C06f67Cb975b34bDeBe64e75bEFb83cdDB0DA5fCbD193afBC,paola.hulme@aol.com,2024-04-29 11:12:31,5
dloughran16890,AaFBcDC5d0F98Ca82CAB1d78Fc6AfCc085ECDCecBb08a0Cbab1c5Ac6ad1daE5e,danielle.loughran@gmail.com,2024-08-04 08:48:19,3
bdusting1790,5ecf4BEA0823BD5Eac1B7d0b0D38DA30DEfF4D55fDFFbeC20ac604Dcc8eaB60F,bellina.dusting@mac.com,2024-02-20 14:46:39,3
lstoneley3619,b9CECD1F151ACf87B36dadFCcaF5B356Fa5951D7A9578e3FEabC6F2dcE35CC3b,lynnette.stoneley@gmail.com,2024-07-04 01:13:20,2
bmaccollom9029,Cd997E02F5e0D5F8DFf39B1E0dDa40b18767e1BECe3bfCFBd3f0dbddEFaA2bDb,burnard.maccollom@gmail.com,2024-01-21 19:00:07,5
gkennsley65082,92Bb66feF9d8Efe3EEC2Ad0A4Abe2cabAdAbB2Adff77DBDbce2aA0ECcEf6ebdd,gennifer.kennsley@facebook.com,2024-08-16 03:32:45,3
jcoxall36903,aA4abcdaaEDdeFDBfdCbd261ccedd8c7aE6bE88C9e1bcEC060AeB9CeDAA7AAfa,julietta.coxall@gmail.com,2023-12-13 19:14:13,2
gpawlicki57164,dd9d4BfEdb0Dcf4ED5A3DE1cedaa9a701809Ca42FfcDdE7FCC90fE6beC44Aed4,glyn.pawlicki@me.com,2024-03-03 17:39:50,4
obrager62150,0D00DFDcC72AEc27C089045Fb47DaD3F5f41928B2babf9Eba0Acfff5d1AE0bEE,oliy.brager@gmail.com,2024-06-05 06:08:00,1
fmycroft1603,bD193cad5D4BDaFdcF2d9FAbfe94dBa2D94cacbfe2fEaBDFbF9bc7CECCeBCf2F,frankie.mycroft@gmail.com,2024-09-29 01:12:22,4
lsadlier19674,0a0566222DDcD9eba3ee436A7fde9178FebEF67A39BE00E42bAE527dAA18ca4A,lev.sadlier@yahoo.com,2024-06-25 15:23:23,1
ebelfit16708,e059Beacb97FeE28aFDAf053cCC1B9Ae5ae14EDb9edBD4EbCeAdf8BCb5ACf7FE,ewart.belfit@gmail.com,2023-12-27 11:03:44,1
bmuller47361,dD775De67E1Ef8DeAbCdabAAcC869b6bF4acCD8A1Aa8aebAD87bbaDCe53cCDE3,bradly.muller@hotmail.com,2024-09-08 15:37:16,4
hpimblett64405,Ca32AEdAbA59bdAd23cAF305EbddFcDEDe08adab0fefbbeB75ccD8fCaE2b0A53,huey.pimblett@yahoo.com,2024-05-04 00:50:42,1
ewegner43667,Ce8dbb876C28fDdEccfeffD62c29E8A7467F75AD4f0AfeAacafEB2ed82bDEC09,etan.wegner@orange.fr,2024-06-15 08:08:42,4
dnewsome44102,b77Fc8d5bA0F4E4C9Ec9ADDf15FDbaffbAeBddDaaCe5bBF8EAE62Ed7CccAB15A,daren.newsome@yahoo.com,2024-05-16 21:32:41,5
vcastella62881,8CeBCDAcaFcE1fF84bAFB6eeeD07AaaB1a0Fb1bCcFbAbFfDFDa98bDEe17AFEE7,valida.castella@wanadoo.fr,2024-03-02 08:14:37,2
hdonahue16208,AFeee96Fcb16d24ceeeAB206F0eE6399FFACf5C2fa1eCc5F1fca7cEE49AcacC2,harp.donahue@web.de,2024-10-07 05:32:23,1
farnely30799,CfafDCc6B96fBa65973aBdf6d1C2308DaAebDb9d26f4817BCF8aAAA33ddadAD7,frayda.arnely@gmail.com,2024-06-19 07:03:27,1
jbattisson23230,a4D5AFbeB51F7D6FAaeA52E06aEF118e4C49cDa2A8ddbfF8dA1dCcE8bbEbe6Aa,joli.battisson@gmail.com,2024-05-21 07:49:47,2
mcrann48623,abb2Fe6de11ef4AaaDc8E2D3B4E6FFeAf902bdfaeFDF9cbe0CEDf1A41aEeA6B8,morlee.crann@hotmail.com,2024-02-02 16:44:30,1
vcadden3156,A4fBaAA6C2CD4dDefEE6aFCb0e9b0BCDB59eaA1B3b38eEcBcfcdDF5CAE2EA903,vin.cadden@orange.fr,2024-08-06 02:05:04,5
lvescovini16640,56229FaC4bb9Fd161Bb4c0Fd3DBEef5e1aE91fd0Ab6dfD8ceD5ee9bC521Ca4Af,lilla.vescovini@yahoo.com,2023-12-30 00:29:46,1
tlohde9716,06AACD8f04AaC7F9d603a5B4EfFB28E0ab0dD57fCd8ECfDFFf03efffaaec8beB,teresina.lohde@yahoo.com,2024-07-20 01:18:40,1
nwilshere18470,9FdAA14CEDEa64fDdccc064405Ecd1b2aBA8B0eED7eE9603389aaDafAEd69AFa,nerta.wilshere@hotmail.fr,2024-09-08 05:06:05,2
ksteeples33094,f5BbaAcF13d439dCe0EA4a7dA75D7cABbEFcb1abBDbF0bEDAb5c69CeAB91CEFD,korey.steeples@yahoo.com,2023-12-14 13:57:28,1
aconstantine27997,8f8fDfFF2aFCddda2e5eaf1Cb3bACdbfDDfE1CdA349E95dEFd8FfeDFC4f1db9b,anett.constantine@gmail.com,2023-12-29 05:39:21,2
bvideler36454,Dd0C9EFfFdb7FE40e6FbF5dEB2d3Be7AA4Ed93F420A4FEC2DEeDCAE6eCDcBe57,brantley.videler@gmail.com,2024-01-10 11:10:11,4
rbolus30942,d7c6b07FB7DAa02DabdfCFAdfFd08deeBE33BFe6bEE42Bfd4f6fCDa46F0cCD7a,roscoe.bolus@gmail.com,2024-07-18 12:11:36,4
dappleyard8162,8647Cfda3c7E0eCC8cA37d6a6FC6966aEffE55eFae7FDBEDFaDB6AdA3bdcfeac,dionne.appleyard@yahoo.com,2024-01-12 00:39:04,2
lgregoratti24879,F76cfAAE8BDdEc01cB11889CD9Fc92bABd5F7Fbf8DbADAcDbCE91CEfFbAcFa1d,linn.gregoratti@yahoo.com,2023-11-27 12:55:13,4
berni17455,4CeAD3A5D71c8fFbebcBfd28DC13Ac9ABa6dBEB48EE12fFAFE4CbfC0F7dBE4CE,bertram.erni@hotmail.com,2024-08-13 18:51:17,2
sarling14702,656CcacfAA8ea21Fb0cC9FbEbfbDE009bcD9FEafcdA6AABfAF3707bA8015EeeD,spence.arling@web.de,2024-11-07 07:39:27,4
fmore63646,CbB0CEeFdce06bfdDdE6b8bfebAFf36bF86858bbd4a6ccfdED8eCdcF1dAc8A2C,fin.more@yahoo.com,2024-07-22 12:19:43,5
keggar29436,BA5bBCDbcc77D6E2ECc8EC8cDBd6E60FeF6DcedF161C014cFa71cCfaAEbE0f4C,kassie.eggar@yahoo.com,2024-10-05 00:41:21,2
bwolland19479,56db7Baab2A2FeaF5EF9bE6aB31E6d0cfF9f7d0dDb119eDCCaeD75CfDB1D175D,bethina.wolland@yahoo.com,2024-01-15 19:40:38,3
wrosel30448,cbaec7E2D1B9de6c6F44dBD3880b6fFAAc0bACbd3ada37Af3A63FEe2aEc0b9C1,wilbert.rosel@aol.com,2024-02-23 01:17:50,1
cdytham44071,FDE1aaFBf7e22159F736FAEefA7e9Bb5BaBFC22CF48A3db1DbCdcE2cECFDC6ad,clarette.dytham@yahoo.com,2024-11-19 14:23:13,1
hnorrington49040,CecF6A2faaec9ebCCf1d4be72CD72FE6cf50CEC951eFEABDD8BC8D5db41EE03D,herold.norrington@yahoo.com,2023-11-30 17:20:25,2
awasbrough49152,7CC79eBeF0D31FAfa6dEF6BCa0ff53ae3F7e8c067d1AAFD5f0ecC3aEEAaf596f,anica.wasbrough@yahoo.com,2024-01-11 04:27:41,2
sspaxman19449,bAaB7ee1aa716aEeC0cEafD2ed7e744CFcebD0D8bCfb4eDBDec9A2BdEabe8dcd,solly.spaxman@gmail.com,2023-12-10 22:29:16,3
bcharte19628,CFeBF4A3eddEAaC9Fedb8E953F5ad5cEEf5821aAEfAceeDce8DaabdAFDBC6c38,barbie.charte@yahoo.com,2024-02-03 10:55:56,1
njakeman33883,7fEF8AAEe7AEe1b4BEd9B8aff06D80fB2cfDFC75CEb5A95Dca2faf6fD8AE1a6c,nefen.jakeman@yahoo.com,2024-11-01 12:42:29,3
kbautiste3349,4dA6C6fe20b88dDfA554BA9BcaA7dAce43dA20f05CB056bA8a3fE02e0054Fb6f,kellina.bautiste@gmail.com,2024-11-18 04:39:09,1
mmark25045,Bcae82De3da0af7A6edE4DbC0Dc0Bbed8dCCaea53FA9aDB2FedC3F256CBfc8Ec,meir.mark@gmail.com,2023-12-28 02:00:38,3
kpowe40192,BBB65dB983AB1CbbaEaAaCFd507A9E0999613bD2FC4beaf4fCdECdda49996Ce0,kerrill.powe@hotmail.com,2024-06-13 19:46:10,2
nrodrigo13907,8cCCAd68E1E4DB43d89cEC8dABDeceCcf68ea66AAffBDadBbefACeaf1A9a1bBC,ned.rodrigo@hotmail.com,2024-11-12 09:00:50,1
nbarnaclough27186,ECb051aB95aF9bDCecf6FF1Cb1efcdBa5AC1fBB8cAE3E6bAcDedb95bff72830A,niccolo.barnaclough@yahoo.com,2024-10-04 23:21:03,3
lgoodban56906,b8e6faefbC7aBfDcCfea2EEcBEecda5adAD70D9E5a49DbEcDEBBcDB6f5e8Edaa,lemar.goodban@googlemail.com,2024-01-29 08:04:30,3
sdobrowolny18209,AaFB0d61cbDa3f5AB846effcCe2fAFCd7ECfb601c98c9FfFeBB2E9EceBa9b26e,stanislaw.dobrowolny@yahoo.com,2024-11-01 19:38:06,2
dfrangleton39840,8E7fF8D6E3bEfd6B5ACfeaAD342A0fdd1eCAEFdeB2F4CD8B38cFBE6edF4A7A4d,dodie.frangleton@yahoo.co.in,2023-11-29 16:13:33,5
edyett14707,c8FFF9fA0e57d61DbBe1a24DCAb6EdFd781faDAfbCb88eBdAECE0e2dF866Ae9f,effie.dyett@yahoo.com.br,2024-04-12 08:02:45,2
igradley55898,dBAceFdfef9E6Eeceb26eFFCb5F4DD8ecFf36E6FbfDe8fbFBaB6FCc3c889DDdD,isa.gradley@yahoo.com,2024-03-09 14:22:11,3
pkilford42445,5A326f15fE837b3F1DDaEFB4D5EDACeCDaa0EA3bAFcCD46FFAAbb68F21A9ffa9,pen.kilford@yahoo.com,2023-11-30 07:05:00,2
jaykroyd19408,EF1cc6bbcE90DbffaB8CBE5C799AbCaEC6FCB75BaDD2c4BC6f30eE8c7F3a5dBd,jermaine.aykroyd@aol.com,2024-02-22 00:55:22,3
jhayden6501,4cD2ea68dfdAE8cbeCafbECccFDCCaaae0c0a2fB0A2BD84eAF618de88D701E45,janine.hayden@yahoo.com,2024-07-15 22:49:25,2
rbarstow22224,fa2AbBabeFac1cffaFA31fB2bF37d38C4d0AbdF4FBa30BEfE56CdACFDa15ba51,royall.barstow@gmail.com,2024-08-11 05:26:38,4
rlindelof41672,abe9d26bFB7441CE0aab1CeCB3B5cb343f0A33ee6F6fEA2CfD6f1eDf9eCfdA5c,reg.lindelof@yahoo.com,2024-03-05 21:51:39,3
ecosker35288,afC4340aa6EBdA9eC75EFF0Fb7CcdcaF8eCe146cb7b496f1dEbDE9FaAB3e8d8E,evanne.cosker@yahoo.com,2024-11-14 09:56:54,2
sfalkous10418,0EC2fa2bbAee48BAbd3C9CaF6D7C5F34c90cEedD0DbaB3b1f0c0Ba2CDDAfba6a,seamus.falkous@hotmail.com,2024-07-21 14:20:34,4
eheningam27983,3dfDE6Cabeb274eAE615Acd60cfCfe7AD3bB1Efff2F3E964aAcaDead0afD1241,etti.heningam@yahoo.com,2024-03-03 05:49:53,2
wgoney33338,b4bA8bA5a24D9dF6fEA2d2Fbc82fFAfAD61eC12E2bCeAF9dfCCB08F3B7Cb3D96,whittaker.goney@hotmail.com,2024-07-24 00:38:25,2
akeiley10304,4c5d3dB6cFEFAb6b9aA680Caeeff9eACFaA1603eeBcCaAbf0ABEaafEFD9C72DC,amalia.keiley@yahoo.com,2024-09-01 01:32:14,2
bdrewett32662,7fBafa9f5cAb7eECBBC7e020dcbcDd4Eccc5aba1ecDddDceCdD85Ddc7D8e94fC,billie.drewett@gmail.com,2024-11-05 21:40:30,3
mspeddin60485,EcfaccDE410b4Bc19ACCDCf8D3EDbbBDfF6A9eBECBB0c961BdECDcB7Fd0B7aD3,mendy.speddin@gmail.com,2024-09-30 13:30:59,2
fdanher32411,eDdFCCCC3FFDC7A8A66a8F7AcC3aeb994B560E7a3b3cA2D1013CfD3ECef80cB8,fremont.danher@gmail.com,2024-02-19 05:50:55,2
