93,13835 Utopia Place,Salt Lake City,Utah,84189
61,9087 Renee Terrace,Albuquerque,New Mexico,87190
68,10108 Thorncrest Drive,Staten Island,New York,10310
52,7735 Andrew Machol Court,Minneapolis,Minnesota,55487
45,8227 Irish Court,Biloxi,Mississippi,39534
60,6633 Lockhart Avenue,Baton Rouge,Louisiana,70826
25,8869 Edgefield Drive,Manchester,New Hampshire,03105
77,3704 Sharon Drive,Fort Lauderdale,Florida,33330
2,11490 Ludlow Place,Pittsburgh,Pennsylvania,15286
4,158 Bainan Place,Birmingham,Alabama,35279
34,523 Tampico Place,Peoria,Arizona,85383
90,4973 Nackman Place,Augusta,Georgia,30905
62,13352 Reid Road,Killeen,Texas,76544
25,9167 Arthur Place,Las Vegas,Nevada,89105
39,3680 Orange Court,Fort Lauderdale,Florida,33315
4,5744 Ragsdale Loop,Peoria,Illinois,61635
39,456 Kettle Loop,North Little Rock,Arkansas,72199
13,5774 Edgeworth Terrace,Rockford,Illinois,61105
25,1916 Barksdale Drive,San Diego,California,92145
88,3617 Privett Drive,Clearwater,Florida,34620
46,13159 Ventura Drive,New Orleans,Louisiana,70154
5,6775 Blake Lane,Tempe,Arizona,85284
73,696 Winthrop Terrace,Oklahoma City,Oklahoma,73190
63,10858 D'Angelo Lane,Boca Raton,Florida,33499
24,9412 Morrison Place,Baton Rouge,Louisiana,70820
45,3529 Williams Road,Asheville,North Carolina,28805
56,6620 Forest Grove Run,Austin,Texas,78732
82,8354 Somerset Avenue,Fresno,California,93786
97,12243 Eby Place,Seattle,Washington,98133
7,6443 Shorewood Street,Corona,California,92883
32,1028 Winterthur Loop,Alpharetta,Georgia,30022
78,14486 McKnight Loop,Topeka,Kansas,66629
97,933 Alcott Avenue,Anderson,South Carolina,29625
81,4757 Jim Street,Washington,District of Columbia,20022
19,6293 Arteaga Way,Santa Barbara,California,93106
50,11594 Jones Lane,Panama City,Florida,32405
4,3000 Ludlow Place,Seattle,Washington,98104
67,2236 Blanton Court,Nashville,Tennessee,37205
12,4336 Mossy Oak Drive,Santa Fe,New Mexico,87592
57,14440 Rayma Place,Danbury,Connecticut,06816
72,12012 Burtoft Lane,Detroit,Michigan,48258
99,9128 Brice Place,Roanoke,Virginia,24020
48,2787 Edenton Terrace,Dallas,Texas,75210
13,7379 Brody Court,Phoenix,Arizona,85025
7,14249 Ranchwood Terrace,New York City,New York,10175
35,12430 Mclin Lane,Sacramento,California,94273
66,562 Belle Grove Drive,Colorado Springs,Colorado,80930
29,9932 Eastwood Terrace,Durham,North Carolina,27705
62,1711 Brooks Avenue,Toledo,Ohio,43615
72,2528 Manisha Lane,Madison,Wisconsin,53726
65,8500 Woodbreeze Place,Worcester,Massachusetts,01605
71,10659 Davey Lane,San Bernardino,California,92405
87,14742 East Gaffney Avenue,San Francisco,California,94177
5,7082 Beauclair Place,Corona,California,92878
45,1830 Magrath Way,Savannah,Georgia,31422
95,2094 Enrique Drive,Tucson,Arizona,85715
77,925 Chimborazo Way,New York City,New York,10045
18,5169 Estes Run,Rochester,New York,14639
98,719 Tatman Terrace,Houston,Texas,77218
49,9804 Homeland Park Street,Orlando,Florida,32830
5,10047 Brine Way,Sioux City,Iowa,51110
7,13189 Daniel Hearns Way,Las Vegas,Nevada,89155
100,4267 Cecilia Court,Edmond,Oklahoma,73034
3,5396 Gallinule Court,Jamaica,New York,11447
90,9247 Duarte Lane,Hamilton,Ohio,45020
84,10726 Rieger Road,Fort Worth,Texas,76178
69,9686 Jarvis Court,Fort Worth,Texas,76105
36,10610 Nance Run,Phoenix,Arizona,85053
12,12953 Canyon Avenue,Metairie,Louisiana,70005
18,12888 Belknap Avenue,Pittsburgh,Pennsylvania,15274
56,604 Bay Meadows Circle,Denver,Colorado,80279
76,6695 Valentine Avenue,Spokane,Washington,99260
84,14167 Brittany Terrace,Tempe,Arizona,85284
51,11474 Hendricks Lane,Fresno,California,93721
19,2664 Tucson Trail,Huntington,West Virginia,25705
85,14591 Palo Alto Avenue,Tuscaloosa,Alabama,35487
20,7260 Sadie Avenue,Lubbock,Texas,79415
93,691 Berrington Loop,Dallas,Texas,75241
21,973 Parrish Place,Canton,Ohio,44710
35,14920 Lucas Court,Sacramento,California,95818
43,369 Columbia Place,Saint Petersburg,Florida,33710
63,13396 Cherokee Court,Denver,Colorado,80209
57,12479 Vestridge Avenue,Jackson,Mississippi,39216
25,10242 Eola Place,Philadelphia,Pennsylvania,19109
75,5299 Mi Tierra Way,Mobile,Alabama,36628
43,1757 Bianca Court,Valley Forge,Pennsylvania,19495
67,4476 Wisteria Street,Muskegon,Michigan,49444
30,2587 Bancroft Place,Fort Collins,Colorado,80525
94,8273 Lussier Court,El Paso,Texas,79923
8,11260 Flagstone Terrace,Hartford,Connecticut,06183
82,270 Oyster Place,Washington,District of Columbia,20062
60,11529 Cardona Way,Honolulu,Hawaii,96805
11,12478 Charlee Lane,Wichita,Kansas,67236
6,7540 Lake Miona Drive,Fresno,California,93786
56,2702 Lowe Court,Tulsa,Oklahoma,74184
22,12665 Picnic Place,Reno,Nevada,89595
70,2854 Gaskin Lane,Charlotte,North Carolina,28242
3,4346 Niblick Court,Fort Lauderdale,Florida,33320
16,13879 Tupper Court,Erie,Pennsylvania,16510
64,3050 Ambrosia Place,Topeka,Kansas,66667
